{
"cap2_rsi18_vol25": {
"net": [
0.001751,
0.004215,
-0.0093,
0.008626,
-0.00729,
0.017898,
0.0342,
0.00099,
0.003109,
0.000675,
0.00612,
-0.004285,
-0.0208,
0.0342,
0.012043,
0.005965,
-0.000678,
0.007149,
-0.0208,
0.0342,
0.0342,
-0.0208,
-0.0208,
-0.0208,
-0.0208,
-0.0208,
0.008733,
0.010072,
0.029557,
0.012636,
0.0342,
-0.003796,
-0.0208,
0.0342,
0.022026,
0.009737,
0.0342,
0.003934,
0.006092,
0.004172,
-0.0208,
0.0342,
-0.001108,
0.0342,
4.1e-05,
0.001844,
0.025367,
0.0342,
0.022439,
0.002639,
-0.0208,
0.010306,
0.010653,
-0.0208,
0.0342,
0.007031,
-0.002205,
0.018381,
0.024619,
-0.0208,
0.004679,
-0.001649,
0.008175,
0.002778,
-0.0208,
0.0342,
-0.0208,
-0.0208,
-0.0208,
-0.0208,
-0.0208,
-0.0208,
-0.0208,
-0.0208,
-0.0208,
-0.016543,
0.0342,
0.0342,
0.0342,
0.002755,
0.023557,
0.0342,
0.006434,
0.018113,
0.001695,
0.001956,
0.003614,
0.001867,
0.00571,
-0.0208,
-0.0208,
-0.0208,
0.011731,
-0.0208,
-0.0208,
0.0342,
-0.0208,
0.0342,
0.0342,
-0.001999,
0.00939,
0.00268,
0.010681,
0.005449,
0.000776,
0.01361,
0.0342,
0.008188,
0.005102,
-0.01665,
-0.002021,
-0.0208,
-0.0208,
-0.0208,
-0.0208,
0.002567,
0.02255,
-0.0208,
0.00568,
0.0342,
-0.0208,
0.018483,
0.005016,
0.017309,
-0.0208,
0.004515,
0.002138,
-0.00338,
0.011991,
0.0342,
0.0342,
-0.0208,
0.015017,
0.0342,
-0.005568,
0.008117,
-0.0208,
-0.0208,
0.0342,
-0.010083,
-0.007859,
-0.0208,
0.0342,
0.00673,
0.007722,
0.002487,
-0.0208,
-0.004251,
0.015616,
-0.0208,
0.0342,
0.021877,
-0.0208,
-0.0208,
0.0342,
0.0342,
0.012464,
0.000776,
0.0342,
0.003371,
0.0342,
-0.0208,
-0.0208,
0.001039,
-0.0208,
0.006707,
0.007202,
4e-05,
0.011796,
-0.0208,
0.011819,
0.0342,
0.0342,
0.01572,
0.004018,
0.019498,
0.0342,
0.005162,
-0.0208,
-0.001378,
0.012457,
-0.0208,
0.0342,
-0.0208,
-0.000504,
-0.0208,
-0.0208,
0.0342,
-0.0208,
0.0342,
-0.0008,
-0.0208,
-0.0208,
0.0342,
-0.003988,
0.0342,
0.0342,
-0.0208,
0.012148,
0.010195,
0.024825,
0.0342,
-0.0208,
-0.0208,
-0.0208,
-0.0208,
0.0342,
0.020557,
-0.011668,
-0.000655,
0.006034,
-0.004506,
0.02885,
-0.008964
],
"n": 214,
"pvalue": 0.0002,
"win": 0.5857,
"mean": 0.00414731308411215
},
"sun23_long": {
"net": [
0.002372,
0.003378,
0.0142,
-8.4e-05,
-1.7e-05,
0.002888,
0.001887,
0.00557,
0.0142,
-0.000378,
-0.003678,
0.000873,
0.000716,
0.007198,
0.0142,
-0.002977,
0.002333,
0.003735,
-0.0108,
-0.0108,
-0.0108,
-0.0108,
-0.0108,
0.0142,
-0.000481,
0.0142,
-0.0108,
0.0142,
0.001705,
0.000991,
0.0142,
-0.000452,
-0.004271,
-0.001752,
0.0142,
0.0142,
-0.0108,
-0.0108,
0.002594,
-0.0108,
-0.0108,
-0.0108,
0.0142,
0.0142,
0.0142,
0.0142,
0.0142,
-0.0108,
0.0142,
-0.0108,
-0.0108,
-0.0108,
0.0142,
-0.0108,
-0.0108,
0.0142,
-0.0108,
0.0142,
0.0142,
-0.0108,
0.00638,
-0.004049,
0.00684,
0.0142,
0.003279,
-0.007536,
-0.001488,
-0.000703,
0.007364,
0.0142,
-0.001369,
-0.004851,
-0.003079,
-0.001762,
0.0142,
0.0142,
-0.003115,
-0.002626,
0.002188,
-0.0108,
-0.0108,
-0.0108,
0.0142,
-0.0108,
0.0142,
-0.0108,
-0.0108,
-0.0108,
0.001224,
0.0142,
0.008169,
-0.001145,
0.002565,
0.001549,
-0.002804,
-0.0108,
-0.0108,
0.0142,
-0.0108,
-0.0108,
-0.0108,
-0.000585,
0.0142,
0.0142,
-0.0108,
-0.0108,
-0.0108,
0.0142,
-0.0108,
-0.0108,
-0.0108,
0.0142,
0.0142,
0.001197,
0.0142,
0.001534,
0.0142,
-0.0108,
0.0142,
0.0142,
0.0142,
0.0142,
0.0142,
0.006445,
-0.0108,
-0.0108,
-0.0108,
-0.0108,
-0.005084,
-0.0108,
-0.002927,
0.0142,
0.0142,
0.001077,
0.0142,
0.0142,
0.001423,
-0.004444,
-0.00328,
0.001951,
-0.00063,
0.002217,
-0.000606,
0.000357,
-0.000264,
-0.0108,
-0.000575,
0.0142,
-0.0108,
0.0142,
-0.0108,
-0.0108,
0.0142,
-0.0108,
-0.007112,
0.0142,
0.0142,
-0.001985,
0.0142,
0.009483,
-0.00078,
-0.000265,
-0.0108,
-0.00488,
-0.0008,
-0.005748,
0.009013,
0.0142,
0.001442,
-0.0108,
-0.0108,
-0.001114,
0.008687,
0.0142,
-0.003435,
-0.00518,
-0.000663,
0.006858,
-0.002392,
0.00377,
-0.000359,
-0.001413,
4.8e-05,
-0.0108,
-0.0108,
0.0142,
0.0142,
0.0142,
0.0142,
-0.0108,
-0.0108,
0.0142,
0.0142,
0.0142,
-0.0108,
-0.00041,
0.0142,
-0.001815,
0.0142,
0.0142,
-0.0108,
0.0142,
-0.006119,
0.008501,
0.0142,
-0.003777,
0.001125,
-0.004851,
-0.0108,
0.0142,
0.0142,
0.0142,
-0.001963,
0.0142,
-0.001646,
-0.00271,
-0.0009,
-0.0108,
0.0142,
0.0142,
-0.0108,
-0.0108,
-0.004141,
0.00115,
-0.0108,
0.0142,
0.0142,
0.002025,
0.000939,
0.008672,
-0.004563,
0.0142,
0.0142,
-0.002135,
-0.005561,
0.00137,
0.0142,
0.0142,
0.0142,
-0.0108,
-0.0108,
-0.0108,
-0.0108,
0.0142,
-0.002484,
0.004927,
0.0142,
0.001459,
-0.000575,
-0.002459,
0.0142,
0.0142,
-0.0108,
-0.0108,
-0.0108,
0.0142,
-0.0108,
0.0142,
-0.0108,
0.0142,
0.007459,
-0.001413,
-0.0108,
0.0142,
-0.002265,
0.001774,
0.0142,
0.000112,
-0.005152,
-0.0108,
-0.0108,
-0.0108,
0.0142,
-0.00589,
0.004931,
0.0142,
0.0142,
-0.0108,
0.0142,
0.0142,
0.0142,
-0.00848,
-0.0108,
-0.0108,
0.005622,
0.006223,
0.0142,
0.000299,
-0.000461,
-0.001157,
-0.0108,
0.0142,
0.0142,
-0.004701,
0.0142,
-0.0108,
-0.0108,
0.003703,
0.0142,
0.0142,
0.0142,
0.0142,
-0.001753,
0.008753,
0.0142,
-0.0108,
-0.000246,
0.002219,
-0.0108,
0.0142,
-0.0108,
-0.0108,
0.000842,
0.007212,
-0.0108,
0.002915,
-0.002652,
-0.000923,
-0.000929,
0.0142,
-0.0108,
0.006844,
0.0142,
-0.001431,
-0.0108,
-0.0108
],
"n": 326,
"pvalue": 0.0002,
"win": 0.526,
"mean": 0.0016413374233128833
},